# Derived from Ho et al. arXiv:2606.02399v1, Fig. 1(e) vector source.
# Source figure SHA256: ba18ac4c15f68f024d5edad3915d1d4ff40d0ea95b9f9adc50516613b92e4382
# Regenerate with: python extract_ho_fig1e.py theory1ev_V4.pdf --output data/ho_fig1e_absorption.csv
pressure_GPa,energy_eV,absorption_au
0,1.40000203,0.00007726
0,1.90873367,0.01123183
0,1.92654552,0.02841439
0,1.93279542,0.05358044
0,1.93592016,0.08595923
0,1.93810768,0.13401431
0,1.93998253,0.22162276
0,1.94154510,0.38835847
0,1.94279500,0.70993542
0,1.94373243,1.28937701
0,1.94466985,2.77369677
0,1.94591995,6.36397159
0,1.94623242,5.88541734
0,1.94810727,1.30352209
0,1.94966984,0.53817148
0,1.95154469,0.28845916
0,1.95341954,0.21277456
0,1.95529459,0.19048891
0,1.95841953,0.18617859
0,1.96154428,0.20153778
0,1.97091892,0.30666791
0,1.98060603,0.48271281
0,1.98935572,0.72522414
0,1.99873056,1.12111008
0,2.00404282,1.35534724
0,2.00779272,1.48775601
0,2.01122994,1.54293722
0,2.01341746,1.55354565
0,2.01654241,1.56052497
0,2.01966715,1.58072152
0,2.02154220,1.55775908
0,2.02654199,1.45094504
0,2.03404179,1.25435419
0,2.03716653,1.22186970
0,2.04029148,1.21593273
0,2.04341642,1.23433087
0,2.04685364,1.28050533
0,2.05247859,1.39483307
0,2.06122828,1.61705829
0,2.07029044,1.83413932
0,2.07497776,1.90779501
0,2.07841518,1.97049726
0,2.08372745,2.09678114
0,2.08497734,2.07762253
0,2.08872724,2.00531748
0,2.09091456,2.00366735
0,2.09466446,2.02821093
0,2.09903930,2.06524944
0,2.10685157,2.06705520
0,2.10872641,2.09225648
0,2.11028899,2.14828625
0,2.11216383,2.21669057
0,2.11278878,2.20058706
0,2.11653868,2.02824176
0,2.11810125,2.03112803
0,2.13966280,2.18533063
0,2.15278733,2.28883119
0,2.16309959,2.34733909
0,2.17091166,2.36892006
0,2.17778650,2.36934140
0,2.18747361,2.34566987
0,2.20841041,2.27516911
0,2.21872247,2.27139318
0,2.23778442,2.26696101
0,2.24997133,2.23594607
0,2.26997071,2.12837597
0,2.30746926,1.91772519
0,2.32809358,1.80731139
0,2.34590543,1.68586487
0,2.38215409,1.43239569
0,2.48027551,0.82771758
0,2.51902416,0.63248471
0,2.54777302,0.51120702
0,2.58214683,0.38923052
0,2.61433311,0.29626501
0,2.65026949,0.21506772
0,2.68933041,0.14850879
0,2.73370381,0.09537557
0,2.78588947,0.05496485
0,2.85213708,0.02624455
0,2.94619633,0.00871845
0,3.12181506,0.00123558
0,3.19524959,0.00062486
20,1.39992456,0.00000000
20,2.02115206,0.01094469
20,2.03615144,0.02791878
20,2.04115123,0.05116749
20,2.04396370,0.08470755
20,2.04583875,0.13338363
20,2.04740112,0.21928469
20,2.04865102,0.36960125
20,2.04990092,0.74620673
20,2.05083854,1.51388720
20,2.05240092,4.56560241
20,2.05271339,4.22234760
20,2.05458824,0.93621465
20,2.05615081,0.38749877
20,2.05802566,0.20899336
20,2.05990071,0.15583371
20,2.06208803,0.14047159
20,2.06646287,0.14221128
20,2.06958782,0.16159451
20,2.07677514,0.22288005
20,2.07958741,0.25640248
20,2.08552462,0.33765702
20,2.08833710,0.37989993
20,2.09739926,0.58273458
20,2.10802400,0.95903616
20,2.11427369,1.16965170
20,2.11677368,1.21559420
20,2.11958596,1.23415677
20,2.12177348,1.22391682
20,2.12489822,1.20656837
20,2.12958554,1.20586368
20,2.13333544,1.15572831
20,2.13771028,1.07908799
20,2.14146018,1.01878754
20,2.14489760,0.99352166
20,2.14802254,0.99464622
20,2.15145976,1.01644446
20,2.15520966,1.06720378
20,2.16145955,1.18658175
20,2.18427120,1.64694927
20,2.19645831,1.77821733
20,2.19802068,1.76313414
20,2.20208305,1.71388256
20,2.20489532,1.71582044
20,2.20864522,1.73795047
20,2.21395748,1.78275080
20,2.21801985,1.78918104
20,2.22083232,1.82162590
20,2.22270717,1.87016986
20,2.22489469,1.94017440
20,2.22520717,1.93808384
20,2.22614459,1.90565954
20,2.22864459,1.81159148
20,2.23020696,1.81093231
20,2.23426933,1.85112429
20,2.24176912,1.91424201
20,2.26520572,2.08306682
20,2.28208015,2.16792259
20,2.29145478,2.18724857
20,2.30395437,2.18303808
20,2.32332859,2.16629007
20,2.33989055,2.18341391
20,2.35488993,2.18911892
20,2.36551466,2.17173963
20,2.37426435,2.14127671
20,2.41895022,1.96363746
20,2.44738661,1.83962765
20,2.46738598,1.72506355
20,2.51925896,1.41768013
20,2.62113028,0.83567231
20,2.65644151,0.66714405
20,2.68956542,0.53267261
20,2.72518912,0.40952310
20,2.75956293,0.31291819
20,2.79768643,0.22782899
20,2.83799745,0.15966690
20,2.88424569,0.10370760
20,2.93768145,0.06120044
20,3.00455381,0.03041894
20,3.09705069,0.01095937
20,3.20017211,0.00343392
40,1.40002160,0.00000000
40,2.11780814,0.01080435
40,2.13030773,0.02816308
40,2.13437010,0.05148521
40,2.13687009,0.08917996
40,2.13843247,0.14228382
40,2.13968237,0.23138678
40,2.14093246,0.44181588
40,2.14186989,0.84480739
40,2.14280731,1.90143644
40,2.14374474,3.28787623
40,2.14405721,3.04072939
40,2.14593226,0.67488591
40,2.14749463,0.27985000
40,2.14936968,0.15164438
40,2.15124453,0.11435041
40,2.15374452,0.10507794
40,2.15999421,0.11526357
40,2.16405658,0.14712706
40,2.16843143,0.17079712
40,2.17124370,0.19467418
40,2.17874349,0.27450907
40,2.18186844,0.32063949
40,2.19311792,0.54706052
40,2.19780524,0.67102629
40,2.20436761,0.87855297
40,2.20811750,0.96134607
40,2.21092977,0.98075279
40,2.21311730,0.97435484
40,2.21905451,0.93109161
40,2.22280441,0.92674606
40,2.22686678,0.89361854
40,2.23717884,0.80724916
40,2.24061626,0.81245943
40,2.24436616,0.84002728
40,2.24874100,0.89668098
40,2.25686574,1.04110462
40,2.27311502,1.34021828
40,2.27905244,1.41315020
40,2.28498965,1.45391914
40,2.29405182,1.49599468
40,2.29686429,1.47315703
40,2.29967656,1.45887542
40,2.30311398,1.46952790
40,2.30748882,1.50457275
40,2.31248862,1.55354906
40,2.31623851,1.58065373
40,2.31905098,1.62897087
40,2.32217593,1.70368359
40,2.32248841,1.69993261
40,2.32436325,1.63976649
40,2.32592563,1.61623663
40,2.32780067,1.62618443
40,2.34248758,1.76053915
40,2.35686201,1.85194482
40,2.38592355,1.99810081
40,2.39623561,2.01863283
40,2.40904767,2.03092443
40,2.42560962,2.04963675
40,2.45685848,2.09370596
40,2.46873312,2.08297567
40,2.48810734,2.04159086
40,2.51654373,1.96623879
40,2.54466784,1.87398163
40,2.56560464,1.78336433
40,2.60997803,1.55822053
40,2.64778906,1.35652879
40,2.70466204,1.04810009
40,2.75622275,0.79385575
40,2.79184645,0.64107720
40,2.83059490,0.49731273
40,2.86653108,0.38607973
40,2.90496725,0.28923405
40,2.94527828,0.20945494
40,2.98965167,0.14377393
40,3.03965000,0.09170655
40,3.09902258,0.05207244
40,3.17433236,0.02432255
40,3.19995647,0.01859992
60,1.40006732,0.00000000
60,2.20128819,0.01062511
60,2.21160045,0.02731880
60,2.21535034,0.05319100
60,2.21722519,0.08673178
60,2.21878756,0.15049546
60,2.22003766,0.27340420
60,2.22097508,0.49481317
60,2.22191251,1.06190810
60,2.22316241,2.43341152
60,2.22347488,2.25052164
60,2.22534993,0.49988763
60,2.22691230,0.20743618
60,2.22878735,0.11241167
60,2.23066220,0.08493190
60,2.23347467,0.07915569
60,2.24097426,0.09428072
60,2.25316137,0.17469844
60,2.25784869,0.21097649
60,2.26128611,0.24455471
60,2.27128569,0.39433102
60,2.28941002,0.78779093
60,2.29222249,0.78939849
60,2.29440982,0.77113395
60,2.29847218,0.72930798
60,2.30972187,0.69477036
60,2.31628404,0.66276006
60,2.31972146,0.66494605
60,2.32409630,0.69085496
60,2.32909610,0.74730680
60,2.33659589,0.86246988
60,2.35472021,1.15029097
60,2.36128258,1.21433212
60,2.36690732,1.24251583
60,2.37815681,1.27345442
60,2.38159423,1.26281809
60,2.38471917,1.25863622
60,2.38846907,1.27850539
60,2.39346886,1.32459984
60,2.40003103,1.39920759
60,2.40315597,1.44305806
60,2.40721834,1.51078192
60,2.41096824,1.45805683
60,2.41378051,1.48313406
60,2.42221773,1.56294986
60,2.43221751,1.62726555
60,2.45065431,1.71743875
60,2.46409132,1.79781390
60,2.47377843,1.84268029
60,2.49065286,1.88830568
60,2.52596409,1.96439620
60,2.54252584,1.99419262
60,2.55565038,1.99658708
60,2.58221192,1.97094537
60,2.61096098,1.92254528
60,2.63721005,1.85405728
60,2.65970922,1.77578517
60,2.69439550,1.62838790
60,2.73564395,1.43676728
60,2.85157722,0.86756416
60,2.89188844,0.69612174
60,2.93282442,0.54382325
60,2.97094792,0.42411422
60,3.01094667,0.32050650
60,3.05219491,0.23547529
60,3.09719325,0.16469045
60,3.14719159,0.10801620
60,3.20000200,0.06739994
80,1.39993374,0.00000000
80,2.27458954,0.01050900
80,2.28333923,0.02784498
80,2.28646417,0.05442994
80,2.28833902,0.09926109
80,2.28958892,0.17234129
80,2.29083902,0.36762848
80,2.29177644,0.78806827
80,2.29302634,1.80484887
80,2.29333882,1.66926609
80,2.29521386,0.37152553
80,2.29677624,0.15490622
80,2.29865108,0.08499637
80,2.30083861,0.06447683
80,2.30427603,0.06493268
80,2.31333819,0.08813001
80,2.31833798,0.10644080
80,2.32177540,0.12375182
80,2.32802510,0.16546181
80,2.33177499,0.19071447
80,2.34177458,0.31104524
80,2.36021138,0.64055870
80,2.36364880,0.63247244
80,2.36646127,0.60243820
80,2.36958602,0.57566238
80,2.38771054,0.54417986
80,2.39146024,0.55223969
80,2.39677271,0.58941548
80,2.40302240,0.66134763
80,2.41395941,0.82101154
80,2.42458415,0.96411830
80,2.43145879,1.02458318
80,2.43770868,1.05634977
80,2.45208311,1.08893483
80,2.46333280,1.11929279
80,2.46958249,1.18374647
80,2.48176960,1.34598175
80,2.48614444,1.31601797
80,2.49208166,1.37266727
80,2.49958145,1.42812742
80,2.51020599,1.48197707
80,2.53270516,1.59346551
80,2.54895464,1.68980911
80,2.56801639,1.75403377
80,2.60426504,1.85430305
80,2.62082699,1.89166748
80,2.63551390,1.90317733
80,2.67145028,1.89797001
80,2.70863635,1.84747201
80,2.73613532,1.78275261
80,2.76300933,1.69415173
80,2.80644530,1.52728242
80,2.84425653,1.35807883
80,2.96081455,0.83172054
80,3.00706319,0.65064963
80,3.04799917,0.51179814
80,3.08956009,0.39314467
80,3.13143368,0.29538069
80,3.17580708,0.21378482
80,3.20018090,0.17743117
100,1.39990459,0.00000000
100,2.33987058,0.01120989
100,2.34674522,0.02934230
100,2.34924522,0.05569016
100,2.35080759,0.09943053
100,2.35205769,0.18861717
100,2.35299511,0.35938133
100,2.35393254,0.80707627
100,2.35486996,1.39446025
100,2.35518243,1.28972063
100,2.35705748,0.28724953
100,2.35861986,0.11981940
100,2.36049490,0.06561007
100,2.36268223,0.04944490
100,2.36705707,0.05027437
100,2.37518181,0.06729104
100,2.38080655,0.08457636
100,2.38455645,0.10051251
100,2.40361820,0.24421825
100,2.41393046,0.41266577
100,2.42018015,0.51694147
100,2.42236747,0.53108361
100,2.42549242,0.52134869
100,2.42861737,0.49515497
100,2.43267973,0.46137269
100,2.43955438,0.45654413
100,2.45392901,0.45838805
100,2.45892880,0.49096210
100,2.46611592,0.56398944
100,2.47736560,0.70975933
100,2.48674024,0.82108775
100,2.49361508,0.87362786
100,2.50111467,0.90758925
100,2.52986373,0.99475874
100,2.53673838,1.06931437
100,2.54767559,1.21146247
100,2.54923796,1.20040185
100,2.55142548,1.18779828
100,2.55423775,1.20684238
100,2.56423734,1.28336378
100,2.57423713,1.33023118
100,2.59454878,1.41983183
100,2.60767331,1.51158177
100,2.61642300,1.55872517
100,2.63798474,1.63560479
100,2.66235896,1.71234788
100,2.68673298,1.78629131
100,2.70298246,1.81042970
100,2.74141844,1.83507457
100,2.77391739,1.81473268
100,2.80829120,1.76138805
100,2.83391512,1.69512715
100,2.87485109,1.56472526
100,2.90735005,1.43967311
100,2.97891013,1.13650458
100,3.05390723,0.82278046
100,3.10328062,0.63981644
100,3.14671639,0.50083649
100,3.19015216,0.38365478
100,3.20015214,0.35978212
120,1.40002000,0.00007060
120,2.39623401,0.01001252
120,2.40248370,0.02586206
120,2.40498370,0.05233911
120,2.40654607,0.10131616
120,2.40779597,0.21525338
120,2.40873360,0.46053941
120,2.40998350,1.05370034
120,2.41029597,0.97458921
120,2.41217082,0.21741442
120,2.41373339,0.09092647
120,2.41560824,0.04996227
120,2.41810823,0.03739246
120,2.42467040,0.04146054
120,2.43123277,0.05632498
120,2.43810741,0.07271918
120,2.44966957,0.12611812
120,2.46029411,0.21048502
120,2.47873091,0.43297890
120,2.48279328,0.41128930
120,2.49029307,0.36503703
120,2.50560492,0.37170071
120,2.51279224,0.39861525
120,2.52029203,0.45918289
120,2.52997914,0.56302257
120,2.54247872,0.69654709
120,2.54935337,0.74060016
120,2.55904068,0.77582705
120,2.58060223,0.83654884
120,2.58841449,0.88075752
120,2.59591428,0.95700733
120,2.60716377,1.08481803
120,2.61310118,1.08397535
120,2.62497562,1.16123814
120,2.63810015,1.21348610
120,2.65216231,1.27745678
120,2.66278684,1.35036228
120,2.67403633,1.42302260
120,2.69122323,1.49213161
120,2.74997126,1.69066034
120,2.76872053,1.72308611
120,2.81371887,1.77309523
120,2.83246815,1.76947051
120,2.87215442,1.73614039
120,2.89715319,1.68817927
120,2.93746421,1.58523365
120,2.96840060,1.48458854
120,3.02058646,1.28917950
120,3.17714323,0.68139491
120,3.19995488,0.60587621

